/** SCRIPT CREATION TABLE **/

DROP TABLE 'USER';

CREATE TABLE 'USER' (
  'idUser' varchar2(255),
  'numberIdentification' varchar2(255),
  'lastname' varchar2(255),
  'firstname' varchar2(255),
  'address' varchar2(255),
  'phone' varchar2(255),
  CONSTRAINT PK_EVENT PRIMARY KEY ('idUser')
); 
DROP TABLE 'EVENT';

CREATE TABLE 'EVENT' (
  'idEvent' varchar2(255),
  'idUser' varchar2(255),
  'dateEvent' varchar2(255),
  'placeEvent' varchar2(255),
  'nameEvent' varchar2(255),
  'typeEvent' varchar2(255),
  'cost' number(10),
  'nbReservedScenes' number(10),
  'nbReservedBooth' number(10),
  'comment' varchar2(255),
  CONSTRAINT PK_EVENT PRIMARY KEY ('idEvent','idUser'),
  CONSTRAINT FK_EVENT_USER FOREIGN KEY ('idUser')
  REFERENCES USER ('idUser')
); 
DROP TABLE 'PARTICIPATE';

CREATE TABLE 'PARTICIPATE' (
  'idEvent' varchar2(255),
  'idUser' varchar2(255),
  'dateRegistre' varchar2(255),,
  CONSTRAINT PK_PARTICIPATE PRIMARY KEY ('idEvent','idUser'),
  CONSTRAINT FK_PARTICIPATE_EVENT FOREIGN KEY ('idEvent')
  REFERENCES EVENT ('idEvent'),
  CONSTRAINT FK_PARTICIPATE_USER FOREIGN KEY ('idUser')
  REFERENCES USER ('idUser')
); 

DROP VUE_EVENT;
CREATE VIEW VUE_EVENT 
	AS SELECT 'idEvent','idUser','dateEvent','placeEvent','nameEvent','typeEvent' 
	FROM EVENT ;

/**  FIN SCRIPT CREATION TABLE  **/

/** SCRIPT CREATION ROLE **/
DROP ROLE ADMIN18_ROLE_ADMIN;
DROP ROLE ADMIN18_ROLE_COLLECTIVITY;
DROP ROLE ADMIN18_ROLE_ORGANIZER;
DROP ROLE ADMIN18_ROLE_PARTICIPATE;
CREATE ROLE ADMIN18_ROLE_ADMIN;
CREATE ROLE ADMIN18_ROLE_COLLECTIVITY;
CREATE ROLE ADMIN18_ROLE_ORGANIZER;
CREATE ROLE ADMIN18_ROLE_PARTICIPATE;
/** FIN SCRIPT CREATION ROLE **/


/** SCRIPT CREATION PRIVILEGE POUR LES ROLES **/
GRANT SELECT FROM VUE_EVENT TO ADMIN18_ROLE_COLLECTIVITY;
GRANT SELECT FROM PARTICIPATE TO ADMIN18_ROLE_COLLECTIVITY;

GRANT ADMIN18_ROLE_COLLECTIVITY TO ADMIN18_ROLE_PARTICIPATE;
GRANT SELECT,UPDATE(lastname,firstname,address,phone) FROM USER TO ADMIN18_ROLE_PARTICIPATE;
GRANT INSERT,DELETE FROM PARTICIPATE TO ADMIN18_ROLE_PARTICIPATE;

GRANT ADMIN18_ROLE_COLLECTIVITY TO ADMIN18_ROLE_ORANIZER;
GRANT SELECT,UPDATE(lastname,firstname,address,phone) FROM USER TO ADMIN18_ROLE_ORGANIZER;
GRANT SELECT,UPDATE,INSERT,DELETE FROM EVENT TO ADMIN18_ROLE_ORGANIZER;
GRANT SELECT FROM PARTICIPATE TO ADMIN18_ROLE_ORGANIZER;

GRANT SELECT,INSERT,UPDATE,DELETE FROM USER TO ADMIN18_ROLE_ADMIN WITH GRANT OPTION;
GRANT SELECT,INSERT,UPDATE,DELETE FROM EVENT TO ADMIN18_ROLE_ADMIN WITH GRANT OPTION;
GRANT SELECT,INSERT,UPDATE,DELETE FROM VUE_EVENT TO ADMIN18_ROLE_ADMIN WITH GRANT OPTION;
/** FIN SCRIPT CREATION PRIVILEGE POUR LES ROLES **/

/**  SCRIPT JEU ESSAI **/
GRANT ADMIN18_ROLE_ADMIN TO USER1;
GRANT ADMIN18_ROLE_ORGANIZER TO USER2;
GRANT ADMIN18_ROLE_ORGANIZER TO USER3;
GRANT ADMIN18_ROLE_PARTICIPATE TO USER4;
GRANT ADMIN18_ROLE_PARTICIPATE TO USER5;
GRANT ADMIN18_ROLE_PARTICIPATE TO USER6;
GRANT ADMIN18_ROLE_COLLECTIVITY TO USER7;

/** ADMIN18 **/
INSERT INTO USER VALUES('USER1','E165787P','admin1','admin1','Nantes','1111111111');
/** USER1 **/
INSERT INTO ADMIN18.USER VALUES('USER2','E658790V','organizer2','organizer2','Lyon','2222222222');
INSERT INTO ADMIN18.USER VALUES('USER3','E348715H','organizer3','organizer3','Paris','3333333333');
INSERT INTO ADMIN18.USER VALUES('USER4','E238150J','participate4','participate4','Nantes','4444444444');
INSERT INTO ADMIN18.USER VALUES('USER5','E729478S','participate5','participate5','Nantes','5555555555');
INSERT INTO ADMIN18.USER VALUES('USER6','E452394P','participate6','participate6','Paris','6666666666');
INSERT INTO ADMIN18.USER VALUES('USER7','E347987R','collectivity7','collectivity7','Lyon','7777777777');
DELETE ADMIN18.EVENT WHERE idUser = 'USER3';
UPDATE FROM ADMIN18.USER SET phone = '2345678901' WHERE idUser = 'USER3';

/** USER2 **/
SELECT * FROM ADMIN18.USER;
UPDATE ADMIN18.USER SET address = 'Nantes';
SELECT * FROM ADMIN18.USER;
INSERT INTO ADMIN18.EVENT VALUES('EVENT1','USER2','31/10/2019','NANTES','OctoberFest','Festif',120000,2,4,'Fête nantaise');
INSERT INTO ADMIN18.EVENT VALUES('EVENT2','USER2','31/11/2019','LYON','DevFest','Culturel',40000,1,6,'Découverte des technologies');
UPDATE ADMIN18.EVENT SET dateEvent = '22/10/2019' WHERE idEvent = 'EVENT1';
SELECT * FROM ADMIN18.EVENT;
DELETE FROM ADMIN18.EVENT WHERE idEvent = 'EVENT1';
SELECT * FROM ADMIN18.EVENT;
SELECT * FROM ADMIN18.PARTICPATE;

/** USER3 **/
INSERT INTO ADMIN18.EVENT VALUES('EVENT3','USER3','12/10/2019','PARIS','Soliday','Festif',24000,4,10,'Festival de musique');
INSERT INTO ADMIN18.EVENT VALUES('EVENT4','USER3','23/10/2019','PARIS','Activiste','Culturel',240000,6,31,'Festival polyculturel');
INSERT INTO ADMIN18.EVENT VALUES('EVENT5','USER3','15/10/2019','PARIS','CEO','Culturel',560000,23,54,'Festival de veille technologique');
INSERT INTO ADMIN18.EVENT VALUES('EVENT6','USER3','25/10/2019','MARSEILLE','Tournoi de pétanque','Culturel/Sportif',50000,0,6,'Concour de pétanque');
INSERT INTO ADMIN18.EVENT VALUES('EVENT7','USER3','04/11/2019','NANTES','Festival des plantes','Culturel/Exposition',6000,1,12,'Exposition de plante');
UPDATE ADMIN18.EVENT SET dateEvent = '24/11/2019' WHERE idEvent = 'EVENT3';
SELECT * FROM ADMIN18.EVENT;
DELETE FROM ADMIN18.EVENT WHERE idEvent = 'EVENT2';
SELECT * FROM ADMIN18.EVENT;
SELECT * FROM ADMIN18.PARTICPATE;

/** USER4 **/
SELECT * FROM ADMIN18.USER;
UPDATE ADMIN18.USER SET phone = '0909090909';
SELECT * FROM ADMIN18.USER;
SELECT * FROM ADMIN18.VUE_EVENT;
INSERT INTO ADMIN18.PARTICIPATE VALUES('EVENT2','USER4','07/10/2019');
INSERT INTO ADMIN18.PARTICIPATE VALUES('EVENT3','USER4','07/10/2019');
SELECT * FROM ADMIN18.PARTICIPATE;
DELETE FROM ADMIN18.PARTICIPATE WHERE idEvent = 'EVENT2';
SELECT * FROM ADMIN18.PARTICPATE;

/** USER5 **/
SELECT * FROM ADMIN18.USER;
UPDATE ADMIN18.USER SET phone = '0674355687';
SELECT * FROM ADMIN18.USER;
SELECT * FROM ADMIN18.VUE_EVENT;
INSERT INTO ADMIN18.PARTICIPATE VALUES('EVENT4','USER5','07/10/2019');
INSERT INTO ADMIN18.PARTICIPATE VALUES('EVENT3','USER5','07/10/2019');
SELECT * FROM ADMIN18.PARTICIPATE;
DELETE FROM ADMIN18.PARTICIPATE WHERE idEvent = 'EVENT4';
SELECT * FROM ADMIN18.PARTICPATE;

/** USER6 **/
SELECT * FROM ADMIN18.USER;
UPDATE ADMIN18.USER SET phone = '0909090909';
SELECT * FROM ADMIN18.USER;
SELECT * FROM ADMIN18.VUE_EVENT;
INSERT INTO ADMIN18.PARTICIPATE VALUES('EVENT5','USER6','07/10/2019');
INSERT INTO ADMIN18.PARTICIPATE VALUES('EVENT4','USER6','07/10/2019');
INSERT INTO ADMIN18.PARTICIPATE VALUES('EVENT3','USER6','07/10/2019');
SELECT * FROM ADMIN18.PARTICIPATE;
DELETE FROM ADMIN18.PARTICIPATE WHERE idEvent = 'EVENT4';
SELECT * FROM ADMIN18.PARTICPATE;

/** USER7 **/
SELECT * FROM ADMIN18.USER;
SELECT * FROM ADMIN18.VUE_EVENT;
SELECT * FROM ADMIN18.PARTICIPATE;

/**  FIN SCRIPT JEU ESSAI **/

/** SCRIPT CREATION CONTEXT APPLICATION **/
CREATE OR REPLACE CONTEXT USER_CTX USING set_user_ctx_pkg;
/

CREATE OR REPLACE PACKAGE set_user_ctx_pkg IS 
  PROCEDURE set_user;
END;
/

CREATE OR REPLACE PACKAGE BODY set_user_ctx_pkg IS
  PROCEDURE set_user IS
    myRole VARCHAR2(255);
  BEGIN 
    SELECT GRANTED_ROLE INTO myRole
    FROM DBA_ROLE_PRIVS
    WHERE GRANTEE = SYS_CONTEXT('USERENV','SESSION_USER')
    AND GRANTED_ROLE LIKE 'ADMIN18%';
    DBMS_SESSION.SET_CONTEXT('USER_CTX','role',myRole);
    DBMS_SESSION.SET_CONTEXT('USER_CTX','idUser',SYS_CONTEXT('USERENV','SESSION_USER'));
  END set_user;
END set_user_ctx_pkg;
/
/** **/
GRANT EXECUTE ON set_user_ctx_pkg TO USER1;
GRANT EXECUTE ON set_user_ctx_pkg TO USER2;
GRANT EXECUTE ON set_user_ctx_pkg TO USER3;
GRANT EXECUTE ON set_user_ctx_pkg TO USER4;
GRANT EXECUTE ON set_user_ctx_pkg TO USER5;
GRANT EXECUTE ON set_user_ctx_pkg TO USER6;
GRANT EXECUTE ON set_user_ctx_pkg TO USER7;